{
  "id": "4186735",
  "name": "曹昌猛第五次物流合作",
  "font_family": "iconfont",
  "css_prefix_text": "icon-",
  "description": "",
  "glyphs": [
    {
      "icon_id": "497444",
      "name": "suo",
      "font_class": "suo",
      "unicode": "e602",
      "unicode_decimal": 58882
    },
    {
      "icon_id": "1278377",
      "name": "shouji",
      "font_class": "shouji",
      "unicode": "e62f",
      "unicode_decimal": 58927
    },
    {
      "icon_id": "6850620",
      "name": "资金",
      "font_class": "zijin",
      "unicode": "e615",
      "unicode_decimal": 58901
    },
    {
      "icon_id": "10452235",
      "name": "shouji",
      "font_class": "shouji1",
      "unicode": "e68b",
      "unicode_decimal": 59019
    },
    {
      "icon_id": "11372643",
      "name": "安全",
      "font_class": "anquan",
      "unicode": "e8ab",
      "unicode_decimal": 59563
    },
    {
      "icon_id": "11372702",
      "name": "手机",
      "font_class": "shouji2",
      "unicode": "e8b9",
      "unicode_decimal": 59577
    },
    {
      "icon_id": "15002861",
      "name": "suo",
      "font_class": "suo1",
      "unicode": "e60d",
      "unicode_decimal": 58893
    },
    {
      "icon_id": "15162630",
      "name": "anquan",
      "font_class": "anquan1",
      "unicode": "e603",
      "unicode_decimal": 58883
    },
    {
      "icon_id": "690947",
      "name": "企业联系信息查询",
      "font_class": "qiyelianxixinxichaxun",
      "unicode": "e61b",
      "unicode_decimal": 58907
    },
    {
      "icon_id": "1010133",
      "name": "服务",
      "font_class": "fuwu1",
      "unicode": "e627",
      "unicode_decimal": 58919
    },
    {
      "icon_id": "1133828",
      "name": "物流信息",
      "font_class": "wuliuxinxi",
      "unicode": "e660",
      "unicode_decimal": 58976
    },
    {
      "icon_id": "1727388",
      "name": "37-服务-线性",
      "font_class": "-fuwu-xianxing",
      "unicode": "e8a9",
      "unicode_decimal": 59561
    },
    {
      "icon_id": "3232527",
      "name": "005物流",
      "font_class": "wuliu",
      "unicode": "e633",
      "unicode_decimal": 58931
    },
    {
      "icon_id": "3521809",
      "name": "新闻",
      "font_class": "xinwen",
      "unicode": "e605",
      "unicode_decimal": 58885
    },
    {
      "icon_id": "4733921",
      "name": "服务地球",
      "font_class": "fuwudiqiu",
      "unicode": "ec0f",
      "unicode_decimal": 60431
    },
    {
      "icon_id": "5388034",
      "name": "服务_o",
      "font_class": "fuwu_o",
      "unicode": "ebbe",
      "unicode_decimal": 60350
    },
    {
      "icon_id": "5726119",
      "name": "物流定位",
      "font_class": "kuanchuangyidianzishangwutubiaoshiliangsucai--",
      "unicode": "e694",
      "unicode_decimal": 59028
    },
    {
      "icon_id": "8987198",
      "name": "智慧物流",
      "font_class": "zhihuiwuliu",
      "unicode": "e60c",
      "unicode_decimal": 58892
    },
    {
      "icon_id": "9851599",
      "name": "加入我们",
      "font_class": "jiaruwomen",
      "unicode": "e612",
      "unicode_decimal": 58898
    },
    {
      "icon_id": "10268878",
      "name": "新闻公告",
      "font_class": "xinwengonggao",
      "unicode": "e693",
      "unicode_decimal": 59027
    },
    {
      "icon_id": "12097433",
      "name": "服务",
      "font_class": "fuwu2",
      "unicode": "e651",
      "unicode_decimal": 58961
    },
    {
      "icon_id": "15077407",
      "name": "我的产品",
      "font_class": "wodechanpin",
      "unicode": "e630",
      "unicode_decimal": 58928
    },
    {
      "icon_id": "16372338",
      "name": "新闻资讯",
      "font_class": "xinwenzixun",
      "unicode": "e664",
      "unicode_decimal": 58980
    },
    {
      "icon_id": "16852633",
      "name": "物流流程图",
      "font_class": "logisticsFlowChart",
      "unicode": "e638",
      "unicode_decimal": 58936
    },
    {
      "icon_id": "20266238",
      "name": "资讯",
      "font_class": "zixun",
      "unicode": "e6e4",
      "unicode_decimal": 59108
    },
    {
      "icon_id": "20389227",
      "name": "业务流发起",
      "font_class": "yewuliufaqibeifen2x",
      "unicode": "e606",
      "unicode_decimal": 58886
    },
    {
      "icon_id": "22580439",
      "name": "专业物流",
      "font_class": "zhuanyewuliu",
      "unicode": "e60b",
      "unicode_decimal": 58891
    },
    {
      "icon_id": "23196404",
      "name": "物流资源",
      "font_class": "wuliuziyuan",
      "unicode": "e621",
      "unicode_decimal": 58913
    },
    {
      "icon_id": "27417849",
      "name": "关于软通@1x",
      "font_class": "a-guanyuruantong1x",
      "unicode": "e601",
      "unicode_decimal": 58881
    },
    {
      "icon_id": "31312975",
      "name": "产品",
      "font_class": "chanpin",
      "unicode": "e61c",
      "unicode_decimal": 58908
    },
    {
      "icon_id": "36962473",
      "name": "xuhua-copy-copy",
      "font_class": "xuhua-copy-copy",
      "unicode": "e607",
      "unicode_decimal": 58887
    },
    {
      "icon_id": "10044026",
      "name": "联系",
      "font_class": "xinbaniconshangchuan-",
      "unicode": "e62d",
      "unicode_decimal": 58925
    },
    {
      "icon_id": "1504013",
      "name": "money",
      "font_class": "money",
      "unicode": "e6ff",
      "unicode_decimal": 59135
    },
    {
      "icon_id": "13512524",
      "name": "1_数值类型",
      "font_class": "_shuzhileixing",
      "unicode": "e69c",
      "unicode_decimal": 59036
    },
    {
      "icon_id": "19601094",
      "name": "车",
      "font_class": "che",
      "unicode": "e68a",
      "unicode_decimal": 59018
    },
    {
      "icon_id": "20406901",
      "name": "专家库_团队",
      "font_class": "zhuanjiaku_tuandui",
      "unicode": "e79f",
      "unicode_decimal": 59295
    },
    {
      "icon_id": "23203013",
      "name": "运输管理",
      "font_class": "yunshuguanli",
      "unicode": "e62c",
      "unicode_decimal": 58924
    },
    {
      "icon_id": "27285336",
      "name": "新闻资讯",
      "font_class": "a-ziyuan495",
      "unicode": "e78e",
      "unicode_decimal": 59278
    },
    {
      "icon_id": "12872648",
      "name": "公共-右箭头1",
      "font_class": "gonggong-youjiantou",
      "unicode": "e64f",
      "unicode_decimal": 58959
    },
    {
      "icon_id": "8341785",
      "name": "停止",
      "font_class": "tingzhi",
      "unicode": "e63d",
      "unicode_decimal": 58941
    },
    {
      "icon_id": "9756495",
      "name": "服务",
      "font_class": "fuwu",
      "unicode": "e650",
      "unicode_decimal": 58960
    },
    {
      "icon_id": "25147828",
      "name": "运输信息",
      "font_class": "yunshuxinxi",
      "unicode": "e618",
      "unicode_decimal": 58904
    },
    {
      "icon_id": "26186571",
      "name": "企业服务平台",
      "font_class": "a-ziyuan89",
      "unicode": "e604",
      "unicode_decimal": 58884
    },
    {
      "icon_id": "30927597",
      "name": "运力",
      "font_class": "yunli",
      "unicode": "e636",
      "unicode_decimal": 58934
    },
    {
      "icon_id": "633006",
      "name": "箭头-右",
      "font_class": "jiantouyou",
      "unicode": "e616",
      "unicode_decimal": 58902
    },
    {
      "icon_id": "10595495",
      "name": "jiantou-竖箭头",
      "font_class": "jiantou-shujiantou",
      "unicode": "e60a",
      "unicode_decimal": 58890
    },
    {
      "icon_id": "4425834",
      "name": "右箭头",
      "font_class": "youjiantou",
      "unicode": "e79c",
      "unicode_decimal": 59292
    },
    {
      "icon_id": "15473471",
      "name": "后退_上一步_左箭头_上一页",
      "font_class": "houtui_shangyibu_zuojiantou_shangyiye",
      "unicode": "e663",
      "unicode_decimal": 58979
    },
    {
      "icon_id": "1308383",
      "name": "200用户_用户",
      "font_class": "200yonghu_yonghu",
      "unicode": "e63c",
      "unicode_decimal": 58940
    },
    {
      "icon_id": "6756285",
      "name": "菜单",
      "font_class": "caidan1",
      "unicode": "e657",
      "unicode_decimal": 58967
    },
    {
      "icon_id": "515114",
      "name": "按钮_button4",
      "font_class": "anniubutton4",
      "unicode": "e7ca",
      "unicode_decimal": 59338
    },
    {
      "icon_id": "7895701",
      "name": "纹理",
      "font_class": "wenli",
      "unicode": "e713",
      "unicode_decimal": 59155
    },
    {
      "icon_id": "3580045",
      "name": "icons8-oil_offshore_",
      "font_class": "icons-oil_offshore_",
      "unicode": "f1f8",
      "unicode_decimal": 61944
    },
    {
      "icon_id": "3992215",
      "name": "景区",
      "font_class": "jingqu",
      "unicode": "e6b3",
      "unicode_decimal": 59059
    },
    {
      "icon_id": "14346234",
      "name": "景区",
      "font_class": "jingqu1",
      "unicode": "e669",
      "unicode_decimal": 58985
    },
    {
      "icon_id": "28138926",
      "name": "pavilion",
      "font_class": "pavilion",
      "unicode": "e764",
      "unicode_decimal": 59236
    },
    {
      "icon_id": "33521179",
      "name": "dibiao",
      "font_class": "dibiao",
      "unicode": "e6e7",
      "unicode_decimal": 59111
    },
    {
      "icon_id": "7060117",
      "name": "视频播放时播放",
      "font_class": "shipinbofangshibofang",
      "unicode": "e62b",
      "unicode_decimal": 58923
    }
  ]
}
